ground,vehicle,count
white,snow,924
good,death,912
white,sheet,890
cold,ice,855
hard,stone,771
still,statue,728
black,night,628
good,gold,608
pale,death,603
good,dead,602
silent,grave,502
still,stone,483
light,feather,481
still,death,442
clear,day,407
quiet,mouse,402
big,house,386
old,time,385
smooth,glass,380
sharp,knife,356
pale,ghost,322
big,saucer,319
quiet,grave,313
old,hill,308
cool,cucumber,298
white,ghost,296
dark,night,295
bright,sun,287
red,blood,269
thick,thief,266
hard,iron,263
plain,day,252
clear,bell,251
strong,ox,251
sharp,razor,248
black,coal,241
black,pitch,240
poor,mouse,234
white,milk,231
hard,steel,230
light,air,223
solid,stone,222
clear,daylight,221
smooth,silk,221
white,chalk,220
blue,sky,220
strong,horse,218
stiff,board,218
still,mouse,217
wide,saucer,217
brave,lion,217
clear,crystal,215
steady,stone,214
bold,brass,211
black,ink,209
white,death,206
quick,lightning,206
stubborn,mule,205
good,play,192
red,beet,192
sharp,needle,191
red,fire,191
weak,kitten,191
pretty,picture,188
straight,arrow,188
dark,pitch,185
pleased,punch,182
blind,bat,181
neat,pin,180
soft,silk,177
true,steel,176
sure,fate,175
good,new,174
dry,bone,174
mad,hatter,174
clean,whistle,170
dry,desert,169
gentle,lamb,169
motionless,statue,168
fresh,daisy,166
clear,glass,161
thin,paper,160
black,midnight,159
white,paper,157
fit,fiddle,156
loud,gunshot,155
sweet,honey,153
helpless,baby,153
hard,granite,151
hungry,bear,151
cold,death,149
still,grave,145
pure,snow,144
innocent,baby,143
deep,sea,142
thick,tree,137
dry,dust,135
loud,thunder,135
flat,pancake,134
regular,clockwork,134
tight,drum,133
big,mountain,132
cold,stone,131
plain,pikestaff,131
weak,baby,130
hard,flint,127
soft,velvet,126
happy,king,125
heavy,stone,123
quiet,lamb,121
free,air,121
pale,sheet,118
black,ebony,117
good,mile,114
black,raven,114
quick,flash,114
old,world,113
warm,toast,113
helpless,child,112
busy,bee,112
pale,snow,111
hot,fire,111
black,thunder,110
fine,silk,110
pale,milk,108
strong,bull,108
bright,star,108
ugly,sin,108
weak,water,107
hungry,wolf,107
close,brother,107
tall,tree,107
firm,stone,106
dark,midnight,104
dry,sand,104
fast,lightning,103
proud,peacock,103
pale,moon,101
slippery,eel,101
pale,corpse,99
red,tomato,99
soft,butter,99
fast,wind,99
red,lobster,98
blue,sea,98
white,bone,97
white,marble,96
mad,hare,95
innocent,child,95
free,bird,95
rigid,statue,95
large,life,94
easy,pie,94
clear,water,93
high,kite,92
nervous,cat,92
tough,leather,91
pale,ash,90
clear,mud,90
strong,steel,90
still,corpse,89
smooth,baby,89
hungry,hunter,89
round,moon,88
round,saucer,88
bright,day,87
crazy,loon,87
big,moon,86
happy,lark,86
sound,bell,86
cold,grave,85
silent,death,85
sharp,dagger,84
dead,doornail,84
stiff,poker,83
hot,hell,83
red,rose,82
brown,berry,82
silent,ghost,81
dull,ditch water,81
cold,marble,80
hard,diamond,80
bald,egg,80
transparent,glass,80
big,plate,79
straight,die,79
innocent,lamb,79
limp,rag doll,79
dry,tinder,78
black,thundercloud,77
limp,rag,77
sharp,tack,76
drunk,lord,76
big,elephant,75
dark,grave,75
weak,child,75
soft,down,75
black,tar,74
dark,cave,74
red,turkey,74
sure,gun,74
mad,hornet,74
tall,building,74
plain,daylight,73
thin,stick,73
hot,oven,72
calm,pond,72
black,soot,71
big,world,71
fresh,rose,71
hard,marble,70
fat,pig,70
dark,thundercloud,69
dark,sky,69
wide,sea,69
cold,steel,68
smooth,mirror,68
sharp,sword,68
thin,rail,68
beautiful,angel,68
green,emerald,68
big,horse,66
good,feast,65
white,moon,64
big,bear,64
smooth,satin,64
smooth,velvet,64
red,cherry,63
safe,house,63
flat,board,61
hot,furnace,61
green,grass,61
good,done for,60
black,crow,60
fast,snake,59
happy,clam,58
serious,heart attack,58
clear,sky,57
cool,ice,57
rigid,stone,57
soft,feather,56
dry,cotton,56
deep,well,56
loud,shout,56
happy,bird,56
round,coin,56
white,ash,55
red,apple,55
hard,brick,54
black,obsidian,54
light,bird,54
bright,moon,54
thin,thread,54
fat,butter,54
rough,sandpaper,54
black,sky,53
big,barn,53
strong,iron,53
wide,sky,53
bold,lion,53
wide,river,52
soft,petal,52
dead,nail,52
solemn,owl,52
graceful,dancer,52
silent,stone,51
big,sky,51
quick,cat,51
dead,stone,51
tough,boot,51
cold,snow,50
big,tree,50
thick,soup,50
bright,fire,50
stiff,ramrod,50
thin,rake,50
simple,child,50
white,lily,49
still,glass,49
big,sea,49
sharp,glass,49
soft,whisper,49
soft,baby,49
happy,child,49
fine,spider web,49
good,rest,48
thick,smoke,48
soft,cloud,48
tight,string,48
good,sex,47
white,corpse,47
white,ivory,47
light,butterfly,47
smooth,cream,47
dry,paper,47
sweet,sugar,47
old,mankind,46
big,outdoors,46
bright,button,46
round,ball,46
silent,shadow,45
smooth,butter,45
thick,mist,45
strong,lion,45
neat,wax,45
swift,wind,45
good,confession,44
pale,paper,44
pale,marble,44
bright,diamond,44
poor,rat,44
true,gospel,44
fine,hair,44
large,saucer,44
fragile,egg,44
good,circus,43
cold,winter,43
smooth,honey,43
innocent,unborn child,43
still,dead,42
pale,moonlight,42
quiet,death,42
big,city,42
red,peony,42
stiff,statue,42
straight,string,42
motionless,stone,42
hot,sun,42
close,sister,42
gray,ash,42
common,dirt,42
keen,mustard,42
distant,moon,42
fragile,glass,42
good,corpse,41
white,cloud,41
dark,pocket,41
red,poppy,41
strong,bear,41
tight,bowstring,41
happy,queen,41
dumb,stone,41
good,invisible,40
black,space,40
light,day,40
smooth,marble,40
wide,world,40
straight,ramrod,40
rich,croesus,40
black,sin,39
black,death,39
quiet,church,39
big,ham,39
red,ruby,39
quick,wink,39
weak,cat,39
clean,pin,39
tall,mountain,39
rigid,board,39
white,wax,38
hard,ice,38
gentle,kitten,38
solid,tree,38
close,lover,38
high,house,38
drunk,skunk,38
yellow,gold,38
good,blind,37
cold,fish,37
dry,parchment,37
sweet,pie,37
tight,fist,37
flat,table,37
good,wink,36
white,alabaster,36
cold,wind,36
light,leaf,36
quiet,cat,36
dark,coal,36
wide,plate,36
dry,sandpaper,36
warm,summer,36
keen,razor,36
wild,hawk,36
bitter,gall,36
still,picture,35
black,pit,35
insubstantial,ghost,35
cold,sea,34
hard,wood,34
hard,concrete,34
pale,chalk,34
light,thistledown,34
clear,sun,34
big,life,34
big,ox,34
smooth,oil,34
dark,raven,34
thick,plank,34
quick,snake,34
pleased,child,34
dry,ash,34
pure,angel,34
solemn,judge,34
insubstantial,smoke,34
cold,corpse,33
black,oil,33
bright,jewel,33
blue,cornflower,33
soft,wind,33
fast,horse,33
slippery,ice,33
high,mountain,33
sound,dollar,33
bald,cue ball,33
insubstantial,mist,33
vast,sea,33
good,over,32
hard,glass,32
silent,cat,32
thick,arm,32
sure,sunrise,32
mad,hell,32
loud,cannon,32
happy,sandboy,32
free,wind,32
fast,bullet,32
thin,hair,32
brown,nut,32
distant,star,32
delicate,lace,32
cold,icicle,31
pale,alabaster,31
big,whale,31
thick,molasses,31
thick,honey,31
blue,sapphire,31
thin,reed,31
high,sky,31
nervous,hell,31
keen,knife,31
handsome,picture,31
good,angel,30
cold,space,30
clear,air,30
old,dirt,30
old,earth,30
thick,tar,30
plain,print,30
strong,death,30
straight,ruler,30
dry,leaf,30
mad,hop,30
gentle,woman,30
fresh,morning,30
sweet,candy,30
hungry,hawk,30
rigid,iron,30
thin,lath,30
high,moon,30
high,church,30
dead,dodo,30
beautiful,day,30
still,tree,29
pale,ivory,29
black,onyx,29
smooth,millpond,29
sharp,steel,29
wide,moon,29
blue,robin's egg,29
straight,spear,29
sure,death,29
solid,brick,29
deep,canyon,29
fast,hummingbird,29
tall,giant,29
thin,spider web,29
thin,knife,29
large,house,29
high,heaven,29
crazy,bedbug,29
green,leaf,29
gray,sky,29
stupid,owl,29
silent,mouse,28
smooth,stone,28
sharp,scalpel,28
dark,ink,28
thick,wall,28
thick,telephone book,28
mad,wet hen,28
hot,coal,28
rigid,steel,28
large,moon,28
dead,mutton,28
rich,jew,28
dangerous,snake,28
hard,board,27
still,ice,27
pale,wax,27
clear,picture,27
dark,death,27
thick,syrup,27
bright,penny,27
soft,satin,27
gentle,wind,27
deep,death,27
heavy,anvil,27
fine,powder,27
thin,wire,27
limp,noodle,27
fragile,butterfly,27
delicate,spider web,27
white,parchment,26
cold,glacier,26
hard,millstone,26
light,wind,26
thick,mud,26
soft,fur,26
warm,sunlight,26
warm,sun,26
slippery,glass,26
thin,skeleton,26
sound,nut,26
blank,stone,26
good,death sentence,25
white,salt,25
cold,charity,25
pale,bone,25
big,barrel,25
big,cow,25
big,church,25
big,golf ball,25
big,egg,25
big,dollar,25
dark,sin,25
thick,blood,25
strong,stone,25
stiff,wood,25
blind,mole,25
sure,hell,25
dry,sawdust,25
solid,wall,25
tight,spring,25
thin,twig,25
thin,silk,25
beautiful,dream,25
swift,lightning,25
fragile,porcelain,25
cold,meat locker,24
still,marble,24
black,charcoal,24
light,balloon,24
dark,sunset,24
red,sunset,24
red,berry,24
bright,sky,24
weak,rat,24
straight,dart,24
dry,chip,24
thin,parchment,24
beautiful,sunrise,24
safe,church,24
empty,drum,24
small,ant,24
pink,rose,24
white,pearl,23
hard,nail,23
hard,bullet,23
pale,ice,23
black,grave,23
black,sloe,23
light,gossamer,23
quiet,ghost,23
big,cathedral,23
big,watermelon,23
big,fist,23
sharp,hawk,23
dark,pit,23
bright,sunrise,23
stiff,stone,23
pretty,angel,23
true,gold,23
gentle,child,23
sweet,rose,23
warm,blood,23
busy,beehive,23
beautiful,sun,23
yellow,sun,23
delicate,porcelain,23
white,ice,22
white,silver,22
black,sweep,22
light,cloud,22
old,mountain,22
old,history,22
big,marble,22
smooth,ice,22
sharp,thorn,22
blue,heaven,22
blue,forget-me-not,22
fast,rabbit,22
large,mountain,22
sound,top,22
dumb,fish,22
graceful,cat,22
handsome,god,22
fierce,lion,22
white,porcelain,21
white,foam,21
pale,cream,21
silent,statue,21
big,pumpkin,21
smooth,water,21
thick,hail,21
thick,bee,21
thick,post,21
strong,mule,21
bright,mirror,21
bright,morning,21
sure,sun,21
fit,flea,21
innocent,angel,21
loud,bell,21
busy,beaver,21
close,wax,21
tall,house,21
beautiful,moon,21
green,sea,21
gray,stone,21
dumb,post,21
fragile,spider web,21
vast,sky,21
blank,wall,21
powerful,god,21
white,cotton,20
cold,iceberg,20
hard,hell,20
still,post,20
still,painting,20
black,hell,20
silent,dead,20
light,silk,20
old,man,20
big,sun,20
big,lion,20
big,melon,20
smooth,porcelain,20
dark,blood,20
dark,shadow,20
red,sun,20
bright,blood,20
wide,grand canyon,20
wide,road,20
stiff,rod,20
straight,lance,20
straight,soldier,20
motionless,corpse,20
fresh,lark,20
tight,piano wire,20
loud,siren,20
thin,air,20
high,tree,20
graceful,deer,20
delicate,butterfly,20
subtle,sledgehammer,20
cold,air,19
cold,witch's tit,19
hard,metal,19
still,night,19
still,mannequin,19
silent,sphinx,19
clear,ice,19
clear,sunlight,19
big,football field,19
dark,obsidian,19
dark,chocolate,19
red,coal,19
thick,fly,19
thick,brick,19
bright,bird,19
soft,breath,19
soft,caress,19
soft,air,19
sure,egg,19
gentle,butterfly,19
hungry,dog,19
tight,wire,19
flat,mirror,19
happy,day,19
heavy,boulder,19
fast,train,19
fine,gossamer,19
tall,sky,19
rigid,post,19
round,barrel,19
dull,dishwater,19
transparent,air,19
beautiful,goddess,19
green,jade,19
fragile,bird,19
small,mouse,19
small,child,19
good,tonic,18
white,linen,18
cold,river,18
still,mirror,18
pale,parchment,18
black,devil,18
sharp,ice pick,18
thick,blackberry,18
thick,cotton,18
stiff,cardboard,18
stiff,corpse,18
stiff,stick,18
stubborn,bull,18
straight,poker,18
soft,water,18
flat,flounder,18
heavy,brick,18
busy,ant,18
fine,flour,18
fine,mist,18
thin,ghost,18
thin,onion skin,18
thin,pencil,18
thin,post,18
large,plate,18
large,world,18
round,apple,18
dumb,oyster,18
dumb,cow,18
rich,king,18
calm,glass,18
fierce,tiger,18
cold,hell,17
hard,agate,17
still,carving,17
black,shadow,17
black,cave,17
silent,night,17
silent,church,17
light,child,17
light,cat,17
light,breath,17
quiet,whisper,17
quiet,library,17
old,sea,17
big,balloon,17
big,universe,17
big,teacup,17
big,castle,17
big,ship,17
big,planet,17
smooth,girl,17
red,strawberry,17
thick,thigh,17
thick,fur,17
plain,sun,17
strong,oak,17
strong,giant,17
strong,man,17
bright,lightning,17
blue,ice,17
pretty,peach,17
straight,plumb line,17
straight,rod,17
soft,sigh,17
soft,kiss,17
sure,world,17
helpless,kitten,17
deep,night,17
loud,explosion,17
hot,sauna,17
slippery,fish,17
fine,fiddle,17
large,tree,17
transparent,water,17
beautiful,god,17
serious,judge,17
rich,cream,17
wild,hare,17
bitter,bile,17
insubstantial,dream,17
handsome,sin,17
empty,sky,17
small,insect,17
good,admission,16
good,money,16
cold,refrigerator,16
hard,horn,16
hard,leather,16
still,millpond,16
quiet,stone,16
quiet,cemetery,16
old,life,16
old,stone,16
big,building,16
sharp,pain,16
sharp,spear,16
cool,water,16
dark,sea,16
dark,dungeon,16
red,stoplight,16
red,fire truck,16
thick,wrist,16
thick,carpet,16
plain,word,16
bright,silver,16
bright,candle,16
stiff,wire,16
weak,rag,16
straight,board,16
solid,mountain,16
sweet,angel,16
sweet,flower,16
sweet,nut,16
tight,tick,16
tight,drumhead,16
flat,plate,16
flat,glass,16
heavy,iron,16
regular,metronome,16
regular,heartbeat,16
close,oyster,16
fast,arrow,16
thin,eggshell,16
thin,razor,16
round,marble,16
round,plate,16
sound,cockroach,16
drunk,owl,16
beautiful,morning,16
tough,steel,16
distant,dream,16
bitter,wormwood,16
handsome,movie star,16
handsome,prince,16
delicate,flower,16
calm,morning,16
good,show,15
white,flour,15
white,paste,15
silent,wind,15
light,soap bubble,15
clear,mirror,15
old,star,15
old,age,15
big,cannon,15
big,basket,15
smooth,floor,15
dark,thunder,15
red,fox,15
red,scarlet,15
red,radish,15
thick,bull,15
thick,water,15
thick,treacle,15
bright,gold,15
bright,light,15
stiff,post,15
quick,light,15
dry,stone,15
dry,chalk,15
gentle,caress,15
fresh,flower,15
flat,pool table,15
heavy,bowling ball,15
hot,lava,15
close,shadow,15
fine,lace,15
fine,thread,15
large,city,15
high,star,15
nervous,witch,15
swift,arrow,15
keen,hawk,15
fragile,soap bubble,15
bitter,death,15
insubstantial,air,15
insubstantial,shadow,15
graceful,swan,15
empty,grave,15
good,sermon,14
good,pie,14
hard,adamant,14
hard,oak,14
pale,pearl,14
light,cork,14
clear,light,14
old,universe,14
big,basketball,14
big,barn door,14
big,grapefruit,14
big,cartwheel,14
big,bull,14
big,giant,14
smooth,egg,14
sharp,gunshot,14
dark,hell,14
dark,ebony,14
dark,tar,14
red,brick,14
thick,cream,14
thick,porridge,14
thick,rope,14
thick,pea,14
bright,sapphire,14
soft,marshmallow,14
soft,child,14
soft,woman,14
soft,butterfly,14
dry,stick,14
dry,powder,14
pure,crystal,14
deep,grave,14
tight,virgin,14
loud,firecracker,14
loud,train,14
warm,bathwater,14
fast,vampire,14
proud,queen,14
proud,lucifer,14
fine,needle,14
thin,wafer,14
high,cloud,14
high,skyscraper,14
nervous,kitten,14
brown,walnut,14
crazy,shithouse rat,14
tough,iron,14
serious,death,14
yellow,butter,14
rich,nabob,14
wild,wind,14
delicate,bird,14
small,pin,14
lovely,angel,14
good,father,13
good,dog,13
white,moonlight,13
cold,snake,13
cold,arctic,13
hard,fist,13
pale,porcelain,13
pale,linen,13
pale,mist,13
black,pocket,13
light,mist,13
light,spider web,13
big,hubcap,13
big,dog,13
big,hangar,13
dark,well,13
dark,storm,13
dark,wolf's mouth,13
thick,sausage,13
thick,snow,13
strong,elephant,13
bright,lantern,13
bright,midday,13
blue,lake,13
stiff,iron,13
stubborn,hell,13
pretty,doll,13
straight,tree,13
straight,sword,13
soft,mush,13
dry,dirt,13
dry,lime kiln,13
motionless,death,13
sweet,syrup,13
pure,child,13
deep,sky,13
deep,hell,13
loud,wind,13
loud,jet engine,13
happy,lord,13
heavy,lead,13
firm,iron,13
fast,deer,13
proud,punch,13
thin,broomstick,13
thin,smoke,13
thin,match,13
large,horse,13
easy,old boot,13
high,cathedral,13
dull,stone,13
transparent,crystal,13
beautiful,princess,13
rough,bark,13
yellow,saffron,13
wild,deer,13
vast,universe,13
delicate,child,13
blank,doll,13
calm,water,13
dangerous,mad dog,13
good,picture,12
good,fortune,12
good,watchdog,12
white,sugar,12
white,cream,12
cold,sky,12
cold,statue,12
hard,obsidian,12
hard,bone,12
still,cat,12
still,doll,12
black,abyss,12
clear,diamond,12
quiet,shadow,12
big,man,12
big,football,12
big,hill,12
big,ritz,12
big,pony,12
smooth,alabaster,12
sharp,eagle,12
sharp,claw,12
sharp,axe,12
dark,tunnel,12
dark,devil,12
thick,flea,12
strong,pony,12
bright,emerald,12
bright,dollar,12
poor,job's turkey,12
wide,house,12
weak,puppy,12
pretty,girl,12
pretty,flower,12
straight,poplar,12
soft,pillow,12
dry,leather,12
dry,toast,12
mad,fire,12
gentle,girl,12
gentle,kiss,12
gentle,baby,12
solid,steel,12
sweet,wine,12
tight,vise,12
flat,lake,12
happy,prince,12
heavy,cannonball,12
firm,steel,12
ugly,toad,12
proud,king,12
fine,fivepence,12
rigid,corpse,12
thin,needle,12
thin,shadow,12
large,elephant,12
round,owl,12
dead,grave,12
bald,coot,12
limp,doll,12
beautiful,picture,12
tough,pine knot,12
rough,gravel,12
solemn,priest,12
gray,mist,12
yellow,guinea,12
rich,prince,12
empty,desert,12
fierce,fire,12
bad,murder,12
bad,fire,12
bad,death,12
broad,ox,12
rare,unicorn,12
good,kiss,11
good,mother,11
good,book,11
white,tablecloth,11
white,mist,11
cold,frost,11
hard,blow,11
hard,brickbat,11
pale,vampire,11
pale,cloud,11
pale,glass,11
pale,water,11
black,smoke,11
silent,snow,11
light,down,11
old,pyramid,11
big,quarter,11
big,buffalo,11
big,bus,11
big,haystack,11
big,cabbage,11
smooth,table,11
sharp,pin,11
sharp,whip,11
cool,marble,11
dark,charcoal,11
dark,mahogany,11
dark,wine,11
red,wine,11
red,sunrise,11
red,carrot,11
thick,finger,11
thick,blanket,11
thick,leg,11
strong,wind,11
bright,torch,11
poor,crow,11
wide,church door,11
wide,continent,11
steady,church,11
steady,heartbeat,11
stiff,mannequin,11
quick,blink,11
weak,lamb,11
soft,snow,11
soft,feather pillow,11
dry,salt,11
gentle,feather,11
fresh,spring,11
solid,iron,11
solid,earth,11
helpless,log,11
innocent,puppy,11
deep,space,11
tight,clam,11
happy,angel,11
heavy,anchor,11
warm,fire,11
warm,caress,11
warm,spring,11
fast,light,11
fine,baby,11
fine,dust,11
large,lion,11
large,bull,11
high,elephant's eye,11
round,pumpkin,11
dead,herring,11
brown,leather,11
transparent,child,11
drunk,fiddler,11
limp,dishrag,11
beautiful,rose,11
beautiful,butterfly,11
solemn,funeral,11
gray,thundercloud,11
common,muck,11
dumb,dirt,11
fragile,paper,11
handsome,devil,11
empty,space,11
dense,stone,11
good,suicide,10
good,man,10
good,nod,10
good,fingerprint,10
good,king,10
good,orgasm,10
good,murder,10
white,fish belly,10
white,swan,10
cold,rain,10
cold,storm,10
hard,jewel,10
hard,cement,10
pale,lily,10
light,whisper,10
clear,pikestaff,10
quiet,night,10
big,beach ball,10
big,tiger,10
big,baseball,10
big,minute,10
big,canyon,10
smooth,ivory,10
smooth,child,10
smooth,billiard ball,10
smooth,pond,10
cool,icicle,10
dark,onyx,10
dark,coffee,10
dark,crypt,10
dark,cloud,10
dark,leather,10
dark,velvet,10
red,crab,10
red,meat,10
thick,night,10
thick,oil,10
thick,air,10
thick,velvet,10
thick,stump,10
thick,oak,10
thick,man,10
thick,hedge,10
strong,blood,10
strong,turk,10
strong,buffalo,10
wide,doorway,10
blue,indigo,10
steady,clock,10
steady,time,10
quick,wind,10
pretty,rose,10
straight,stick,10
straight,pillar,10
soft,cheese,10
soft,kitten,10
soft,wax,10
soft,cashmere,10
soft,powder,10
dry,wind,10
gentle,mother,10
gentle,dove,10
motionless,picture,10
motionless,log,10
fresh,dew,10
fresh,sunrise,10
fresh,girl,10
fit,butcher's dog,10
clean,snow,10
sweet,peach,10
pure,baby,10
pure,water,10
innocent,day,10
deep,thunder,10
tight,wax,10
flat,skillet,10
happy,boy,10
warm,milk,10
hot,fever,10
close,clam,10
ugly,devil,10
proud,devil,10
tall,giraffe,10
thin,straw,10
thin,beanpole,10
large,planet,10
nervous,old woman,10
dead,moon,10
crazy,hell,10
green,spring,10
tough,wire,10
solemn,grave,10
gray,cloud,10
common,blackberry,10
fragile,flower,10
yellow,buttercup,10
yellow,lemon,10
rich,lord,10
vast,space,10
delicate,eggshell,10
stupid,mule,10
stupid,sheep,10
stupid,goose,10
blank,sky,10
calm,stone,10
fierce,wolf,10
bad,disease,10
broad,house,10
dense,mist,10
good,lie,9
good,ghost,9
good,magic,9
good,shout,9
good,holiday,9
good,doctor,9
good,answer,9
good,comedy,9
white,plaster,9
white,tallow,9
white,wool,9
cold,night,9
cold,iron,9
cold,moon,9
hard,boulder,9
still,church,9
pale,dead,9
black,boot,9
black,wolf's mouth,9
silent,corpse,9
light,ghost,9
light,snow,9
clear,lake,9
clear,word,9
quiet,dead,9
old,methuselah,9
old,sin,9
big,skyscraper,9
big,tent,9
big,boulder,9
big,earth,9
big,head,9
smooth,river,9
smooth,grease,9
sharp,fang,9
sharp,scimitar,9
sharp,diamond,9
dark,gypsy,9
dark,space,9
red,ember,9
red,devil,9
thick,log,9
thick,grass,9
strong,gorilla,9
strong,tree,9
strong,vampire,9
bright,coal,9
bright,spotlight,9
wide,child,9
blue,summer,9
stiff,steel,9
stiff,stake,9
quick,rabbit,9
quick,thought,9
pretty,postcard,9
straight,line,9
straight,pine,9
straight,laser,9
soft,putty,9
soft,chamois,9
soft,cotton,9
soft,wool,9
true,heaven,9
clean,baby,9
sweet,nectar,9
sweet,bell,9
deep,puddle,9
deep,man,9
tight,bottle,9
flat,paper,9
loud,trumpet,9
loud,foghorn,9
happy,cricket,9
heavy,mountain,9
close,twin,9
close,grave,9
ugly,mud,9
thin,gossamer,9
thin,string,9
thin,toothpick,9
thin,scarecrow,9
thin,cardboard,9
large,sun,9
large,sea,9
large,whale,9
high,sun,9
round,sun,9
round,button,9
sound,stone,9
dead,mackerel,9
brown,hazelnut,9
bald,baby,9
drunk,wheelbarrow,9
drunk,pig,9
drunk,sailor,9
limp,corpse,9
fat,house,9
tough,stone,9
swift,snake,9
swift,deer,9
keen,wolf,9
fragile,crystal,9
yellow,corn,9
yellow,canary,9
rich,mud,9
graceful,panther,9
graceful,dance,9
vast,heaven,9
delicate,woman,9
blank,paper,9
blank,baby,9
pink,cotton candy,9
calm,sea,9
broad,road,9
rare,diamond,9
good,army,8
good,son,8
good,blood,8
good,woman,8
good,medicine,8
good,kitten,8
good,fire,8
good,novel,8
white,lamb,8
white,woman,8
white,angel,8
white,egg,8
white,cheese,8
cold,gravestone,8
cold,moonlight,8
cold,frog,8
cold,glass,8
hard,cannonball,8
hard,coal,8
still,morgue,8
still,mountain,8
still,wall,8
pale,stone,8
pale,fish belly,8
pale,cheese,8
pale,straw,8
pale,sand,8
black,sea,8
black,velvet,8
black,well,8
silent,smoke,8
silent,morgue,8
silent,tree,8
light,fairy,8
light,kitten,8
light,paper,8
clear,jewel,8
quiet,breath,8
quiet,snake,8
quiet,wind,8
big,apple,8
big,room,8
big,doorknob,8
big,shield,8
big,half dollar,8
big,cottage,8
big,plum,8
big,car,8
big,wolf,8
big,island,8
big,orange,8
big,shovel,8
big,bucket,8
big,galaxy,8
big,star,8
big,cat,8
smooth,woman,8
smooth,lake,8
sharp,fishhook,8
sharp,ice,8
sharp,nail,8
sharp,flint,8
sharp,slap,8
sharp,stiletto,8
sharp,weasel,8
sharp,tooth,8
cool,fish,8
cool,wind,8
cool,snow,8
dark,sloe,8
dark,oil,8
red,ferret,8
red,raspberry,8
red,pomegranate,8
thick,bible,8
thick,stone,8
thick,snake,8
thick,butter,8
thick,wool,8
strong,ogre,8
strong,sea,8
strong,bullock,8
bright,lark,8
wide,door,8
wide,atlantic ocean,8
wide,horizon,8
wide,quarter,8
wide,barn door,8
wide,silver dollar,8
blue,lapis lazuli,8
steady,surgeon,8
stiff,doll,8
quick,whip,8
stubborn,stone,8
weak,woman,8
weak,sick cat,8
pretty,pink,8
straight,knife,8
straight,crow,8
straight,post,8
soft,milk,8
soft,dough,8
soft,cat,8
soft,dove,8
gentle,rain,8
solid,statue,8
clean,knife,8
sweet,music,8
hungry,horse,8
pure,gold,8
pure,light,8
innocent,kitten,8
innocent,flower,8
innocent,snow,8
innocent,choirboy,8
deep,earth,8
tight,tourniquet,8
flat,boy,8
loud,drum,8
happy,grig,8
heavy,log,8
heavy,grief,8
warm,oven,8
busy,anthill,8
regular,tide,8
hot,griddle,8
hot,forge,8
fast,cat,8
fast,bird,8
fine,star,8
fine,ash,8
thin,gauze,8
thin,moth wing,8
large,cathedral,8
large,cloud,8
high,hill,8
nervous,schoolboy,8
nervous,bird,8
dead,dust,8
dull,death,8
beautiful,flower,8
fat,barrel,8
tough,oak,8
simple,sunlight,8
swift,light,8
keen,eagle,8
fragile,baby,8
yellow,wax,8
insubstantial,cloud,8
insubstantial,spider web,8
delicate,girl,8
delicate,snowflake,8
delicate,glass,8
blank,glass,8
blank,marble,8
empty,glass,8
small,toy,8
small,star,8
pink,sunrise,8
pink,baby,8
subtle,brick,8
calm,mirror,8
lovely,sunrise,8
bad,devil,8
broad,barrel,8
broad,bear,8
broad,barn door,8
real,memory,8
real,stone,8
good,marriage,7
good,castle,7
good,invitation,7
good,wall,7
good,order,7
good,promise,7
good,family,7
good,useless,7
good,pantomime,7
good,bond,7
white,statue,7
white,curd,7
white,handkerchief,7
white,shroud,7
white,dead,7
cold,mist,7
cold,day,7
cold,morgue,7
hard,drum,7
hard,spike,7
still,mummy,7
still,log,7
still,stump,7
pale,flour,7
pale,sky,7
pale,statue,7
black,jet,7
black,cinder,7
black,licorice,7
black,cloud,7
black,iron,7
silent,cemetery,7
silent,mist,7
silent,crypt,7
silent,star,7
light,snowflake,7
light,smoke,7
light,doll,7
light,foam,7
light,dust,7
clear,gin,7
clear,morning,7
clear,sunrise,7
old,land,7
old,bible,7
old,dinosaur,7
big,stone,7
big,battleship,7
big,postage stamp,7
big,palace,7
big,lake,7
big,dinosaur,7
big,walnut,7
big,dragon,7
big,wagon wheel,7
big,ballroom,7
big,pond,7
big,sail,7
big,oak,7
smooth,wax,7
smooth,custard,7
smooth,milk,7
sharp,wolf,7
sharp,arrow,7
sharp,gimlet,7
sharp,saber,7
sharp,lightning,7
sharp,steel trap,7
cool,iceberg,7
cool,glacier,7
cool,stone,7
dark,soot,7
dark,water,7
red,stop sign,7
thick,custard,7
thick,cable,7
thick,sludge,7
thick,caterpillar,7
thick,darkness,7
thick,board,7
thick,bottle,7
thick,redwood,7
thick,novel,7
thick,curtain,7
thick,pig shit,7
strong,weakest link,7
strong,sun,7
bright,mercury,7
bright,beacon,7
bright,neon,7
bright,pin,7
poor,dirt,7
wide,post,7
steady,steel,7
stiff,mummy,7
stiff,mask,7
stiff,starch,7
stiff,broomstick,7
quick,lizard,7
weak,colt,7
weak,reed,7
straight,rush,7
straight,bullet,7
straight,reed,7
soft,grass,7
soft,smoke,7
soft,mist,7
soft,tissue paper,7
soft,sponge,7
soft,honey,7
soft,peach,7
dry,straw,7
dry,fish,7
mad,dog,7
fresh,child,7
solid,concrete,7
sweet,sunlight,7
sweet,child,7
sweet,baby,7
deep,pit,7
deep,pool,7
deep,river,7
deep,scar,7
deep,eternity,7
tight,knot,7
tight,owl,7
tight,oyster,7
tight,glove,7
loud,bomb,7
loud,alarm,7
happy,schoolboy,7
heavy,concrete,7
heavy,elephant,7
hot,midsummer,7
fast,rocket,7
fast,fire,7
fast,cheetah,7
fast,comet,7
proud,father,7
slippery,soap,7
tall,hill,7
rigid,marble,7
rigid,mask,7
thin,pencil line,7
thin,leaf,7
thin,water,7
thin,soap bubble,7
large,dragon,7
large,bear,7
large,giant,7
large,melon,7
large,egg,7
large,cup,7
easy,alphabet,7
high,cliff,7
high,tower,7
nervous,child,7
round,orange,7
round,tub,7
dead,doorknob,7
brown,earth,7
brown,oak,7
crazy,march hare,7
crazy,june bug,7
bald,stone,7
beautiful,star,7
beautiful,heaven,7
beautiful,houri,7
green,cat,7
fat,goose,7
safe,castle,7
safe,bank,7
serious,grave,7
serious,cancer,7
rough,cat tongue,7
gray,sunset,7
gray,death,7
gray,steel,7
common,mud,7
common,grass,7
keen,dog,7
dumb,brick,7
fragile,ice,7
rich,butter,7
rich,queen,7
wild,fire,7
wild,storm,7
wild,colt,7
bitter,acid,7
graceful,gazelle,7
graceful,bird,7
stupid,stump,7
empty,shell,7
empty,house,7
empty,death,7
empty,gourd,7
powerful,drug,7
subtle,snake,7
calm,marble,7
lovely,dream,7
lovely,rose,7
lovely,goddess,7
broad,sea,7
rare,hen tooth,7
dense,jungle,7
good,naked,6
good,gospel,6
good,mirror,6
good,cat,6
good,television,6
good,confirmation,6
good,hundred,6
good,lamb,6
good,truth,6
good,law,6
good,brother,6
good,bread,6
good,murderer,6
good,bullet,6
good,command,6
good,fairy tale,6
white,diamond,6
white,sand,6
white,sun,6
white,mushroom,6
white,sail,6
white,blizzard,6
white,stone,6
white,candle,6
cold,dry ice,6
cold,granite,6
cold,morning,6
cold,metal,6
cold,shark,6
cold,dead,6
hard,tree trunk,6
hard,anvil,6
hard,sapphire,6
hard,hail,6
hard,slap,6
hard,baseball,6
hard,teak,6
hard,nut,6
hard,buckshot,6
still,wood,6
still,snake,6
pale,paste,6
pale,winter,6
black,void,6
black,char,6
black,ash,6
silent,wood,6
light,moth,6
light,sparrow,6
clear,baby,6
quiet,corpse,6
old,sky,6
old,century,6
old,god,6
old,moon,6
big,mule,6
big,rhinoceros,6
big,softball,6
big,cantaloupe,6
big,hippo,6
big,tank,6
big,refrigerator,6
big,billboard,6
big,buick,6
big,circus tent,6
big,cannonball,6
big,calf,6
big,platter,6
big,umbrella,6
big,goose egg,6
big,bed,6
big,truck,6
big,ostrich egg,6
big,stadium,6
big,drum,6
big,tunnel,6
smooth,boy,6
smooth,skin,6
smooth,statue,6
smooth,cat,6
smooth,apple,6
sharp,marble,6
sharp,pen,6
sharp,rapier,6
sharp,vinegar,6
sharp,chisel,6
sharp,stone,6
sharp,icicle,6
sharp,shout,6
sharp,ferret,6
cool,cave,6
dark,thunderstorm,6
dark,vault,6
dark,indian,6
red,pepper,6
thick,dictionary,6
thick,barrel,6
thick,broomstick,6
thick,mattress,6
thick,glue,6
thick,pencil,6
thick,ink,6
thick,huckleberry,6
thick,waist,6
strong,vise,6
strong,pain,6
strong,tiger,6
strong,hell,6
strong,tide,6
strong,rope,6
bright,bonfire,6
bright,apple,6
bright,squirrel,6
bright,coin,6
wide,mountain,6
wide,pacific,6
wide,lake,6
wide,owl,6
wide,city,6
wide,frog,6
blue,turquoise,6
blue,violet,6
blue,cobalt,6
steady,statue,6
brave,steel,6
quick,breath,6
quick,bird,6
quick,fish,6
quick,scat,6
weak,girl,6
pretty,bird,6
straight,flagpole,6
straight,pin,6
straight,rule,6
straight,rifle,6
soft,bed,6
soft,pudding,6
soft,cream,6
soft,flannel,6
soft,night,6
true,arrow,6
true,sunrise,6
true,death,6
sure,thunder,6
dry,air,6
dry,cinder,6
mad,hen,6
gentle,sheep,6
motionless,marble,6
fresh,paint,6
fresh,boy,6
clean,operating room,6
sweet,hay,6
sweet,birdsong,6
sweet,butter,6
pure,lily,6
innocent,girl,6
innocent,dove,6
deep,blood,6
deep,abyss,6
tight,brother,6
tight,limpet,6
tight,noose,6
flat,coin,6
loud,gong,6
loud,whistle,6
loud,jackhammer,6
heavy,world,6
heavy,millstone,6
heavy,gold,6
heavy,water,6
warm,hug,6
warm,breath,6
regular,sun,6
hot,firecracker,6
fast,blink,6
fast,wolf,6
fast,monkey,6
fast,fox,6
slippery,snake,6
fine,sugar,6
fine,fur,6
fine,woman,6
tall,man,6
rigid,wood,6
thin,paper cut,6
thin,pin,6
thin,pancake,6
thin,whip,6
thin,bird,6
large,sail,6
easy,bird,6
easy,water,6
high,pyramid,6
nervous,girl,6
round,melon,6
sound,apple,6
dead,corpse,6
dead,dinosaur,6
dead,other,6
brown,indian,6
brown,gypsy,6
brown,coffee,6
dull,dirt,6
bald,baby's bottom,6
transparent,ghost,6
transparent,sky,6
drunk,fool,6
beautiful,sky,6
beautiful,woman,6
beautiful,sin,6
beautiful,painting,6
beautiful,fairy,6
beautiful,madonna,6
fat,sausage,6
tough,rawhide,6
tough,armor,6
tough,hickory,6
tough,rhinoceros,6
rough,bear,6
simple,sheep,6
simple,baby,6
gray,rain,6
keen,steel,6
keen,needle,6
dumb,animal,6
dumb,stump,6
fragile,bird bone,6
fragile,dream,6
fragile,tissue paper,6
fragile,child,6
fragile,leaf,6
yellow,sunflower,6
yellow,egg yolk,6
yellow,parchment,6
wild,animal,6
wild,dollar,6
insubstantial,soap bubble,6
insubstantial,wind,6
vast,world,6
handsome,angel,6
delicate,gossamer,6
delicate,wing,6
delicate,soap bubble,6
stupid,cow,6
blank,slate,6
small,puppy,6
powerful,tide,6
powerful,sea,6
subtle,hammer,6
subtle,avalanche,6
calm,death,6
calm,sky,6
fierce,hawk,6
fierce,bear,6
bad,war,6
broad,plate,6
broad,mountain,6
broad,oak,6
broad,barn,6
broad,river,6
broad,spade,6
dense,brick,6
dangerous,hell,6
dangerous,tiger,6
good,movie,5
good,free,5
good,boy,5
good,invisibility,5
good,caress,5
good,real thing,5
good,signature,5
good,smile,5
good,banknote,5
good,wolf,5
good,bank,5
white,eggshell,5
white,clout,5
white,powder,5
cold,liquid nitrogen,5
cold,blizzard,5
cold,ash,5
cold,sleet,5
cold,knife,5
cold,wedge,5
hard,emerald,5
hard,sidewalk,5
hard,man,5
hard,pine knot,5
hard,jade,5
hard,statue,5
hard,onyx,5
hard,hoof,5
hard,hickory,5
hard,ivory,5
hard,armor,5
hard,baseball bat,5
hard,crowbar,5
still,lake,5
still,sentry,5
still,deer,5
still,mausoleum,5
still,sphinx,5
pale,sunlight,5
pale,gravestone,5
pale,dough,5
pale,wall,5
pale,sunrise,5
pale,silk,5
black,heart,5
black,negro,5
black,blood,5
black,midnight ocean,5
silent,thief,5
silent,clam,5
light,petal,5
light,baby,5
light,helium,5
light,shadow,5
light,meringue,5
clear,porcelain,5
clear,print,5
clear,trumpet,5
quiet,millpond,5
quiet,churchyard,5
old,civilization,5
old,war,5
old,warfare,5
old,creation,5
old,race,5
old,death,5
old,tree,5
big,soccer ball,5
big,moose,5
big,grape,5
big,doughnut,5
big,shark,5
big,billiard ball,5
big,coconut,5
big,walrus,5
big,blimp,5
big,village,5
big,dime,5
big,prairie,5
big,barge,5
big,bird,5
big,church steeple,5
smooth,whiskey,5
smooth,syrup,5
smooth,clockwork,5
smooth,eggshell,5
smooth,pearl,5
smooth,snake,5
smooth,chocolate,5
smooth,peach,5
sharp,arrowhead,5
sharp,dart,5
sharp,lance,5
sharp,bird,5
sharp,hell,5
sharp,cat,5
sharp,vampire,5
sharp,fox,5
cool,morning,5
dark,plum,5
dark,molasses,5
dark,earth,5
dark,river,5
dark,volcanic glass,5
dark,abyss,5
dark,tea,5
dark,wood,5
dark,evening,5
dark,cellar,5
red,snow,5
red,hell,5
red,wound,5
red,cranberry,5
thick,motor oil,5
thick,swamp,5
thick,locust,5
thick,thundercloud,5
thick,pillar,5
thick,ant,5
thick,hawser,5
thick,hop,5
thick,encyclopedia,5
thick,london fog,5
thick,sea fog,5
thick,liquid,5
thick,forearm,5
thick,string,5
thick,ham,5
thick,pudding,5
thick,cheese,5
thick,rhinoceros,5
thick,mountain,5
thick,house,5
thick,leaf,5
plain,old boot,5
strong,mountain,5
strong,leather,5
strong,lightning,5
strong,angel,5
bright,steel,5
bright,sea,5
bright,laser,5
bright,butterfly,5
bright,crystal,5
bright,flower,5
bright,rainbow,5
wide,shark,5
wide,barn,5
wide,canyon,5
wide,tree trunk,5
wide,shovel,5
wide,boulevard,5
wide,wheel,5
wide,field,5
blue,gas flame,5
blue,mediterranean,5
blue,megrim,5
blue,jewel,5
blue,flower,5
blue,whetstone,5
stiff,leather,5
stiff,tree,5
stiff,tin soldier,5
stiff,ironing board,5
stiff,log,5
stiff,house,5
quick,monkey,5
quick,heartbeat,5
quick,steel trap,5
quick,devil,5
stubborn,goat,5
pretty,princess,5
pretty,fairy,5
pretty,morning,5
straight,wand,5
straight,telephone pole,5
straight,indian,5
straight,pencil,5
straight,bee,5
blind,kitten,5
blind,owl,5
soft,ash,5
soft,moonlight,5
soft,glove,5
soft,flower,5
soft,touch,5
soft,lamb,5
soft,summer,5
soft,snowflake,5
soft,girl,5
soft,shadow,5
soft,sand,5
soft,prayer,5
soft,mouse,5
true,compass,5
dry,husk,5
dry,hay,5
dry,lime-basket,5
mad,cat,5
mad,bull,5
gentle,lover,5
gentle,breath,5
fresh,peach,5
fresh,apple,5
fresh,colt,5
solid,tank,5
solid,hill,5
solid,glass,5
solid,water,5
fit,greyhound,5
clean,bone,5
clean,razor,5
sweet,kiss,5
sweet,molasses,5
sweet,violet,5
sweet,strawberry,5
sweet,honeysuckle,5
helpless,lamb,5
hungry,coyote,5
hungry,devil,5
pure,sky,5
pure,dew,5
pure,pearl,5
innocent,sky,5
innocent,nun,5
innocent,daisy,5
innocent,cherub,5
innocent,madonna,5
deep,cave,5
deep,time,5
deep,forever,5
deep,lake,5
deep,despair,5
tight,straitjacket,5
tight,corset,5
tight,bank vault,5
tight,second skin,5
flat,washboard,5
flat,iron,5
flat,sea,5
flat,picture,5
flat,shingle,5
loud,word,5
loud,music,5
happy,pig,5
happy,puppy,5
happy,god,5
heavy,mercury,5
heavy,blanket,5
heavy,death,5
heavy,granite,5
heavy,hell,5
heavy,corpse,5
free,water,5
warm,soup,5
warm,life,5
warm,bath,5
hot,summer,5
hot,ash,5
hot,branding iron,5
hot,wind,5
hot,ember,5
hot,mustard,5
close,family,5
close,skin,5
firm,marble,5
firm,adamant,5
ugly,witch,5
fast,river,5
fast,falcon,5
fast,fish,5
fast,steam,5
slippery,hell,5
slippery,grease,5
tall,cloud,5
rigid,tree,5
rigid,death,5
thin,dime,5
thin,skin,5
thin,pipe cleaner,5
thin,glass,5
thin,greyhound,5
large,universe,5
large,sky,5
large,cave,5
large,ham,5
large,heaven,5
easy,wink,5
easy,breath,5
high,haystack,5
high,coach-horse,5
high,angel,5
nervous,rabbit,5
round,egg,5
round,football,5
dead,roadkill,5
brown,chestnut,5
brown,chocolate,5
brown,mahogany,5
dull,mud,5
transparent,smoke,5
transparent,window,5
transparent,mist,5
drunk,coot,5
drunk,animal,5
limp,string,5
beautiful,sunset,5
beautiful,movie star,5
beautiful,statue,5
green,wood,5
green,leek,5
fat,tick,5
safe,crown jewel,5
tough,nail,5
rough,bag,5
simple,kiss,5
swift,shadow,5
swift,greyhound,5
swift,eagle,5
swift,swallow,5
gray,granite,5
gray,sea,5
gray,weather,5
gray,badger,5
common,air,5
keen,pain,5
distant,memory,5
dumb,dog,5
fragile,gossamer,5
fragile,wing,5
fragile,twig,5
yellow,dandelion,5
yellow,sunlight,5
yellow,daffodil,5
rich,velvet,5
rich,coastal summer,5
rich,blood,5
rich,wine,5
wild,man,5
wild,boy,5
bitter,cold,5
bitter,wind,5
graceful,girl,5
vast,cathedral,5
vast,night,5
delicate,shell,5
stupid,stone,5
stupid,ox,5
stupid,chicken,5
blank,chalkboard,5
blank,canvas,5
empty,church,5
empty,skull,5
empty,doll,5
small,stone,5
small,fly,5
small,raisin,5
small,bird,5
small,doll,5
small,butterfly,5
pink,pig,5
powerful,storm,5
powerful,bull,5
subtle,bull,5
calm,ice,5
calm,milk,5
fierce,eagle,5
fierce,dragon,5
lovely,picture,5
bad,child,5
bad,wolf,5
bad,prison,5
broad,tree trunk,5
broad,door,5
rare,ruby,5
rare,four-leaf clover,5
rare,dodo,5
dense,smoke,5
dense,wall,5
dangerous,dynamite,5
dangerous,fire,5
dangerous,bear,5
dangerous,kitten,5
real,day,5
real,life,5
good,homing beacon,4
good,thousand,4
good,declaration,4
good,shield,4
good,signpost,4
good,sister,4
good,fact,4
good,thief,4
good,widow,4
good,kill,4
good,silence,4
good,vacation,4
good,coffee,4
good,mask,4
good,hug,4
good,oath,4
good,world,4
good,toast,4
good,touch,4
good,picnic,4
good,cake,4
good,gold mine,4
good,passport,4
good,farce,4
good,bible,4
white,buttermilk,4
white,lard,4
white,quartz,4
white,fish,4
white,shell,4
white,flower,4
white,leprosy,4
white,hoarfrost,4
white,gull,4
white,skull,4
white,maggot,4
white,frost,4
white,miller,4
cold,devil,4
cold,mausoleum,4
cold,mountain,4
cold,water,4
cold,ice water,4
cold,barn,4
cold,cave,4
hard,poker,4
hard,crystal,4
hard,plank,4
hard,hockey puck,4
hard,cardboard,4
hard,bark,4
hard,heart,4
hard,church pew,4
hard,stick,4
hard,horse,4
hard,brass,4
still,mask,4
still,lizard,4
still,boulder,4
still,river,4
still,snow,4
still,salt,4
still,oak,4
still,pond,4
still,cemetery,4
still,soldier,4
pale,butter,4
pale,egg,4
pale,star,4
pale,whey,4
pale,plaster,4
pale,salt,4
pale,smoke,4
pale,tallow,4
pale,foam,4
black,chimney,4
black,mulberry,4
black,styx,4
black,darkness,4
black,mud,4
black,eternity,4
black,gypsy,4
black,moor,4
black,patent leather,4
black,earth,4
silent,mausoleum,4
silent,mummy,4
silent,desert,4
silent,owl,4
silent,dream,4
silent,moon,4
silent,midnight,4
light,summer breeze,4
light,pillow,4
light,chaff,4
light,gauze,4
light,straw,4
light,rain,4
light,sky,4
light,willow switch,4
light,balsa,4
light,caress,4
light,boy,4
clear,star,4
clear,speech,4
clear,movie,4
clear,neon sign,4
clear,child,4
quiet,thought,4
quiet,feather,4
quiet,snow,4
quiet,cave,4
quiet,desert,4
quiet,thief,4
quiet,baby,4
old,evil,4
old,heaven,4
old,sun,4
old,sand,4
old,hell,4
big,pizza,4
big,sand dollar,4
big,small country,4
big,warhorse,4
big,raindrop,4
big,continent,4
big,snake,4
big,knife,4
big,coin,4
big,tennis ball,4
big,ogre,4
big,ant,4
big,door,4
big,catcher's mitt,4
big,bottle,4
big,sparrow,4
big,washtub,4
big,manhole cover,4
big,fly,4
big,cave,4
big,sunflower,4
big,mill wheel,4
big,beetle,4
big,mainsail,4
big,boxcar,4
big,piano,4
big,dessert plate,4
big,soup plate,4
big,eagle,4
big,cotton ball,4
smooth,eel,4
smooth,soap,4
smooth,carpet,4
smooth,molasses,4
smooth,brandy,4
sharp,awl,4
sharp,laser,4
sharp,thunder,4
sharp,switchblade,4
sharp,picture,4
sharp,crystal,4
sharp,weapon,4
sharp,stake,4
sharp,blow,4
sharp,vibroblade,4
sharp,paper cut,4
sharp,scythe,4
cool,leaf,4
dark,rose,4
dark,smoke,4
dark,bruise,4
dark,chestnut,4
dark,black hole,4
dark,stone,4
dark,dirt,4
red,blister,4
red,girl,4
red,leaf,4
red,coral,4
thick,baseball bat,4
thick,anaconda,4
thick,inkle-weaver,4
thick,garden hose,4
thick,brush,4
thick,man's body,4
thick,fist,4
thick,gravy,4
thick,wood,4
thick,snowfall,4
thick,sand,4
thick,dust,4
thick,python,4
thick,cloud,4
thick,fire hydrant,4
thick,spatter,4
thick,pickpocket,4
strong,lust,4
strong,fire,4
strong,ape,4
strong,hunger,4
strong,hercules,4
strong,hill,4
strong,granite,4
strong,animal,4
bright,ember,4
bright,leaf,4
bright,copper,4
bright,headlight,4
bright,knife,4
bright,glory,4
bright,supernova,4
poor,beggar,4
poor,job,4
poor,church rat,4
poor,poverty,4
wide,outdoors,4
wide,ax handle,4
wide,cave,4
wide,pumpkin,4
wide,cow,4
wide,heaven,4
wide,horse,4
wide,building,4
wide,universe,4
wide,platter,4
blue,bruise,4
blue,steel,4
blue,midnight,4
blue,larkspur,4
blue,huckleberry,4
blue,siamese cat,4
blue,speedwell,4
steady,house,4
brave,man,4
stiff,old man,4
stiff,soldier,4
stiff,two-by-four,4
stiff,icicle,4
stiff,knife,4
stiff,cement,4
stiff,church,4
stiff,crutch,4
quick,fire,4
quick,panther,4
quick,eel,4
quick,mercury,4
stubborn,mountain,4
weak,newborn foal,4
weak,jelly,4
weak,rabbit,4
weak,mouse,4
pretty,sunlight,4
pretty,toy,4
straight,wall,4
straight,roman road,4
straight,needle,4
straight,crow flight,4
pleased,girl,4
pleased,boy,4
blind,beetle,4
soft,gossamer,4
soft,plush,4
soft,candlelight,4
soft,rest,4
soft,lullaby,4
soft,flesh,4
soft,rain,4
soft,suede,4
soft,spider web,4
soft,sunset,4
soft,flute,4
soft,puppy,4
soft,dust,4
soft,dandelion fluff,4
true,sky,4
true,star,4
true,sun,4
true,daylight,4
true,die,4
sure,sin,4
sure,gravity,4
sure,wind,4
sure,life,4
sure,day,4
dry,wool,4
dry,bark,4
dry,cracker,4
dry,cardboard,4
dry,lizard,4
dry,kiln,4
dry,biscuit,4
dry,bread,4
mad,wasp,4
mad,wet hornet,4
mad,snake,4
mad,cut snake,4
mad,rabid dog,4
gentle,lullaby,4
gentle,whisper,4
motionless,carving,4
motionless,tree,4
fresh,air,4
solid,smoke,4
solid,bull,4
solid,wood,4
solid,castle,4
clean,plate,4
clean,glass,4
clean,wax,4
sweet,berry,4
sweet,spring,4
sweet,morning,4
sweet,cream,4
sweet,treacle,4
sweet,milk,4
sweet,song,4
helpless,mortal,4
helpless,slave,4
helpless,rabbit,4
hungry,cannibal,4
hungry,dickens,4
pure,air,4
pure,star,4
pure,fire,4
pure,prayer,4
innocent,calf,4
innocent,saint,4
innocent,egg,4
innocent,boy,4
innocent,schoolgirl,4
deep,north star,4
deep,earthquake,4
deep,bone,4
deep,instinct,4
deep,midnight,4
deep,rest,4
tight,sausage casing,4
tight,prison,4
tight,rubber band,4
flat,prairie,4
flat,wall,4
flat,stone,4
flat,roadkill,4
flat,snake,4
flat,ditch water,4
loud,drumbeat,4
loud,roar,4
loud,lion,4
loud,rain,4
loud,chainsaw,4
loud,avalanche,4
happy,lamb,4
happy,kitten,4
heavy,mist,4
heavy,cement,4
heavy,heat,4
heavy,sin,4
heavy,cannon,4
heavy,age,4
heavy,gravestone,4
heavy,chain mail,4
heavy,sandbag,4
heavy,sledgehammer,4
heavy,bomb,4
heavy,sky,4
heavy,house,4
warm,tea,4
warm,midsummer,4
warm,honey,4
hot,brand,4
hot,greenhouse,4
hot,kettle,4
hot,blowtorch,4
hot,dragon,4
hot,poker,4
hot,gun,4
hot,desert,4
hot,skillet,4
hot,ball,4
hot,pepper,4
close,marriage,4
close,death,4
ugly,tharlarion,4
ugly,hell,4
ugly,monkey,4
fast,stone,4
fast,top,4
fast,car,4
fast,death,4
fast,squirrel,4
fast,ferret,4
fast,thought,4
fast,crab,4
fast,spider,4
fast,whiplash,4
proud,lion,4
proud,prince,4
proud,turkey,4
slippery,water,4
slippery,oil,4
fine,parchment,4
fine,tissue paper,4
fine,queen,4
fine,sand,4
fine,cloth,4
fine,satin,4
tall,horse,4
rigid,arrow,4
rigid,soldier,4
rigid,flagpole,4
rigid,stick,4
rigid,mummy,4
rigid,granite,4
thin,cat,4
thin,rope,4
thin,mist,4
thin,spider's leg,4
thin,child,4
thin,shoelace,4
thin,corpse,4
thin,dream,4
thin,bone,4
thin,snake,4
thin,whisper,4
large,skyscraper,4
large,palace,4
large,castle,4
large,boulder,4
large,eagle,4
large,pony,4
large,cartwheel,4
large,sausage,4
large,cabbage,4
large,plum,4
easy,song,4
high,building,4
high,dragon,4
high,castle,4
high,bird,4
high,man,4
nervous,boy,4
nervous,woman,4
nervous,colt,4
round,bowl,4
round,turnip,4
sound,oak,4
sound,drum,4
sound,log,4
dead,log,4
dead,marble,4
dead,post,4
dead,hammer,4
dead,night,4
brown,leaf,4
brown,bark,4
brown,acorn,4
brown,tea,4
bald,bowling ball,4
transparent,jellyfish,4
transparent,tissue paper,4
transparent,day,4
limp,bag,4
limp,leaf,4
limp,puppet,4
beautiful,song,4
beautiful,girl,4
beautiful,lily,4
green,gourd,4
fat,ox,4
fat,seal,4
fat,cow,4
safe,baby,4
safe,egg,4
tough,whipcord,4
tough,man,4
tough,hell,4
tough,horn,4
rough,pumice,4
rough,leather,4
rough,cob,4
rough,sand,4
rough,stone,4
solemn,undertaker,4
swift,adder,4
swift,cat,4
swift,horse,4
swift,bird,4
gray,sunrise,4
gray,corpse,4
gray,smoke,4
gray,day,4
common,crow,4
common,sand,4
common,mouse,4
common,dust,4
keen,ferret,4
keen,sword,4
keen,brier,4
distant,sky,4
distant,echo,4
dumb,doornail,4
dumb,mouse,4
fragile,snowflake,4
yellow,moon,4
yellow,quince,4
rich,jewel,4
rich,gold,4
rich,honey,4
wild,sea,4
wild,bird,4
wild,horse,4
bitter,sea,4
insubstantial,thought,4
insubstantial,dust,4
insubstantial,rainbow,4
vast,mountain,4
delicate,bird bone,4
delicate,tissue paper,4
delicate,petal,4
delicate,baby,4
delicate,feather,4
delicate,breath,4
delicate,mist,4
stupid,post,4
blank,corpse,4
empty,bottle,4
empty,moon,4
empty,promise,4
empty,wind,4
empty,road,4
empty,corpse,4
empty,cave,4
empty,pocket,4
empty,air,4
small,pea,4
small,flea,4
pink,rabbit,4
pink,flower,4
pink,peony,4
pink,candy,4
pink,baby's bottom,4
pink,sunset,4
pink,girl,4
pink,shell,4
powerful,blow,4
powerful,lightning,4
powerful,wind,4
subtle,freight train,4
subtle,shadow,4
subtle,neon,4
subtle,mack truck,4
calm,statue,4
calm,judge,4
calm,cucumber,4
calm,summer day,4
fierce,sun,4
lovely,flower,4
lovely,houri,4
lovely,princess,4
lovely,day,4
bad,woman,4
bad,ghost,4
bad,lie,4
broad,world,4
broad,sky,4
broad,linebacker,4
rare,jewel,4
rare,blue moon,4
dense,wood,4
dangerous,puppy,4
dangerous,wolf,4
real,death,4
real,tooth fairy,4
real,movie,4
real,pain,4
good,facelift,3
good,feeling,3
good,freedom,3
good,animal,3
good,execution,3
good,gag,3
good,siren,3
good,compliment,3
good,prisoner,3
good,daylight,3
good,annuity,3
good,stranger,3
good,meal,3
good,party,3
good,goner,3
good,grave,3
good,story,3
good,policeman,3
good,burial,3
good,heaven,3
good,beacon,3
good,slave,3
good,pension,3
good,forever,3
good,armor,3
good,paper,3
good,wine,3
good,stove,3
good,coin,3
good,handshake,3
good,candy,3
good,wing,3
good,map,3
good,featherbed,3
good,affirmation,3
good,drunk,3
good,music,3
good,vampire,3
good,bloodhound,3
good,barometer,3
good,witch,3
good,overcoat,3
good,road,3
good,slap,3
good,orphan,3
good,word,3
good,dust,3
good,dead meat,3
good,apology,3
good,picture book,3
good,vaudeville,3
good,dinner,3
good,silver mine,3
good,lecture,3
good,day,3
good,two,3
white,soap,3
white,corn silk,3
white,tooth,3
white,mask,3
white,meringue,3
white,jade,3
white,dove,3
white,marshmallow,3
white,haddock,3
white,washing,3
white,silk,3
white,vampire,3
white,dead fish,3
white,wall,3
white,sky,3
white,turnip,3
white,dough,3
white,hair,3
cold,viper,3
cold,crypt,3
cold,machine,3
cold,flint,3
cold,frostbite,3
cold,cucumber,3
cold,vault,3
cold,dungeon,3
cold,well,3
cold,diamond,3
cold,church,3
hard,helmet,3
hard,mountain,3
hard,word,3
hard,wall,3
hard,post,3
hard,bedrock,3
hard,topaz,3
hard,bronze,3
hard,tree,3
hard,mahogany,3
hard,battering ram,3
hard,knife,3
hard,hammer,3
hard,rain,3
hard,bear,3
hard,milestone,3
hard,durasteel,3
hard,drill bit,3
hard,gravel,3
hard,sledgehammer,3
hard,devil,3
hard,wire,3
still,heron,3
still,bronze,3
still,pillar,3
still,portrait,3
still,effigy,3
still,sunrise,3
still,spider,3
still,rest,3
still,machine,3
still,stick,3
still,sentinel,3
still,sea,3
still,baby,3
still,animal,3
still,earth,3
still,water,3
still,midnight,3
still,rabbit,3
pale,skin,3
pale,wheat,3
pale,mushroom,3
pale,spider web,3
pale,candle,3
pale,leaf,3
pale,birch bark,3
pale,death mask,3
pale,maggot,3
pale,turnip,3
pale,flower,3
pale,tablecloth,3
black,polecat,3
black,storm,3
black,devil's heart,3
black,eye,3
black,glass,3
black,plum,3
black,coffee,3
black,grease,3
black,gunpowder,3
black,kohl,3
black,kettle,3
black,beetle,3
black,night stone,3
black,tunnel,3
black,coal mine,3
black,marble,3
black,stone,3
black,bat wing,3
black,hat,3
silent,panther,3
silent,sunrise,3
silent,wall,3
silent,mime,3
silent,breath,3
silent,coffin,3
silent,cave,3
silent,indian,3
silent,cathedral,3
silent,fish,3
silent,leopard,3
silent,whisper,3
silent,plague,3
silent,air,3
light,sigh,3
light,deer,3
light,midday,3
light,girl,3
light,wing,3
light,raindrop,3
light,honey,3
light,lover,3
light,fire,3
light,kite,3
light,soufflé,3
light,kiss,3
light,husk,3
light,dandelion,3
light,laughter,3
light,water,3
light,ballerina,3
light,sun,3
light,reed,3
light,dancer,3
light,woman,3
clear,transparency,3
clear,jell-o,3
clear,dew,3
clear,moon,3
clear,heaven,3
clear,painting,3
clear,thunder,3
clear,moonlight,3
clear,glacier,3
clear,midday,3
clear,bird,3
clear,shout,3
clear,memory,3
clear,ether,3
clear,lark,3
clear,whistle,3
quiet,prayer,3
quiet,child,3
quiet,air,3
quiet,moon,3
quiet,clam,3
quiet,fish,3
quiet,funeral parlor,3
quiet,log,3
quiet,fox,3
quiet,ninja,3
quiet,funeral,3
quiet,statue,3
quiet,judge,3
quiet,lake,3
old,wood,3
old,eve,3
old,legend,3
old,galaxy,3
old,castle,3
old,night,3
old,species,3
old,church,3
old,childhood,3
old,city,3
old,grave,3
big,tower,3
big,warehouse,3
big,teakettle,3
big,bulldozer,3
big,cliff,3
big,mastiff,3
big,wagon,3
big,baseball bat,3
big,bear paw,3
big,anvil,3
big,state,3
big,space,3
big,baseball mitt,3
big,church door,3
big,battering ram,3
big,solar system,3
big,volkswagen,3
big,leaf,3
big,ham hock,3
big,peach,3
big,rockies,3
big,stallion,3
big,pearl,3
big,banana,3
big,hogshead,3
big,professional wrestler,3
big,rowboat,3
big,pig,3
big,gorilla,3
big,rope,3
big,thumb,3
big,pillow,3
big,bell,3
big,silo,3
big,sequoia,3
big,pigeon,3
big,kitten,3
big,aircraft carrier,3
big,football lineman,3
big,cabin,3
big,paper,3
big,dick,3
big,bat,3
big,frog,3
big,log,3
big,shoe,3
big,flag,3
big,museum,3
big,bicycle wheel,3
big,lamb,3
big,circus,3
big,dish,3
big,ocean liner,3
big,pie plate,3
big,iceberg,3
big,skillet,3
big,arm,3
big,bowling ball,3
big,eye,3
big,pinhead,3
big,thunder,3
big,sausage,3
big,monster,3
big,wood,3
big,story,3
big,bullock,3
big,linebacker,3
big,hand,3
big,football pitch,3
big,handkerchief,3
big,pea,3
big,half-crown,3
big,turnip,3
big,stovepipe,3
big,bishop,3
big,potato,3
big,bandbox,3
smooth,obsidian,3
smooth,plastic,3
smooth,raven wing,3
smooth,dance,3
smooth,silver,3
smooth,sand,3
smooth,cheek,3
smooth,mask,3
smooth,tallow,3
smooth,caramel,3
smooth,metal,3
smooth,ice cream,3
smooth,bowling ball,3
smooth,petal,3
smooth,leaf,3
sharp,wound,3
sharp,gunfire,3
sharp,pick,3
sharp,bayonet,3
sharp,stick,3
sharp,wind,3
sharp,poniard,3
sharp,obsidian,3
sharp,salt,3
sharp,falcon,3
sharp,beak,3
sharp,sickle,3
sharp,grief,3
sharp,hunger,3
sharp,saw,3
sharp,indian,3
cool,air,3
cool,steel,3
cool,knife,3
cool,popsicle,3
cool,rain,3
cool,judge,3
cool,glass,3
cool,river,3
cool,cat,3
cool,dew,3
dark,iron,3
dark,ruby,3
dark,gunmetal,3
dark,nightmare,3
dark,coffin,3
dark,asphalt,3
dark,womb,3
dark,blindness,3
dark,espresso,3
dark,night stone,3
dark,cinnamon,3
dark,eye,3
dark,ocean floor,3
dark,licorice,3
dark,winter,3
dark,room,3
dark,sapphire,3
dark,sable,3
red,clown,3
red,rhubarb,3
red,chili,3
red,anger,3
red,garnet,3
red,geranium,3
red,sunburn,3
red,copper,3
red,plum,3
red,sin,3
red,petal,3
red,currant,3
red,earth,3
red,flower,3
red,moon,3
thick,corpse,3
thick,jelly,3
thick,spider web,3
thick,gruel,3
thick,lion's mane,3
thick,shag carpet,3
thick,castle,3
thick,railroad tie,3
thick,night crawler,3
thick,crude oil,3
thick,pea-soup fog,3
thick,door,3
thick,cloth,3
thick,branch,3
thick,gelatin,3
thick,bratwurst,3
thick,sea,3
thick,mosquito,3
thick,peanut butter,3
thick,hair,3
thick,horn,3
thick,morning fog,3
thick,goggle,3
thick,pitch,3
thick,sweat,3
thick,crowbar,3
thick,bear,3
thick,firefly,3
thick,incense,3
thick,grave,3
thick,hedgerow,3
thick,tower,3
thick,blizzard,3
thick,grease,3
thick,book,3
thick,horsehair,3
thick,soda straw,3
thick,ice cream,3
thick,thumb,3
thick,sunset,3
thick,cigar,3
thick,fire hose,3
thick,buffalo,3
plain,homespun,3
plain,mud,3
plain,stone,3
plain,piecrust,3
plain,speech,3
plain,pudding,3
plain,sunlight,3
plain,map,3
plain,light,3
strong,incense,3
strong,riptide,3
strong,fist,3
strong,titanium,3
strong,ant,3
strong,gravity,3
strong,lioness,3
strong,earth,3
strong,current,3
strong,diamond,3
strong,punch,3
strong,river,3
strong,warrior,3
strong,pike,3
strong,werewolf,3
strong,blacksmith,3
strong,kitten,3
strong,storm,3
strong,castle,3
strong,blow,3
strong,metal,3
strong,god,3
strong,wire,3
strong,hulk,3
strong,dragon,3
strong,colt,3
strong,whale,3
strong,troll,3
strong,shark,3
strong,prizefighter,3
strong,dollar,3
bright,parrot,3
bright,hellfire,3
bright,tin,3
bright,snow,3
bright,child,3
bright,blackbird,3
bright,tomato,3
bright,searchlight,3
bright,hawk,3
bright,crow,3
bright,ice,3
bright,angel,3
bright,glass,3
bright,spark,3
bright,cat,3
bright,music,3
bright,silk,3
bright,rose,3
bright,dime,3
bright,bee,3
bright,poppy,3
bright,cherry,3
bright,sparrow,3
bright,fever,3
bright,bead,3
poor,snail,3
wide,fist,3
wide,tree,3
wide,church,3
wide,ox,3
wide,earth,3
wide,space,3
wide,city street,3
wide,gate,3
wide,cheshire cat,3
wide,teacup,3
wide,tunnel,3
wide,deer,3
wide,egg,3
wide,refrigerator,3
wide,car,3
wide,railroad track,3
wide,oven,3
wide,runway,3
wide,sun,3
wide,sunrise,3
wide,barrel,3
wide,watermelon,3
wide,motorway,3
wide,mankind,3
blue,smoke,3
blue,ink,3
blue,caribbean,3
blue,water,3
blue,berry,3
blue,river,3
blue,kingfisher wing,3
blue,dream,3
blue,glacier,3
blue,stone,3
steady,wind,3
steady,metronome,3
steady,judge,3
steady,tide,3
steady,horse,3
bold,lord,3
bold,hero,3
brave,caesar,3
brave,tiger,3
brave,soldier,3
brave,mouse,3
stiff,pillar,3
stiff,rawhide,3
stiff,rusty hinge,3
stiff,toothbrush,3
stiff,armor,3
stiff,glass,3
stiff,puppet,3
stiff,rigor mortis,3
stiff,flagpole,3
stiff,brush,3
stiff,spear,3
stiff,death,3
quick,fox,3
quick,hummingbird,3
quick,hawk,3
quick,ferret,3
quick,spider,3
quick,letter,3
quick,man,3
quick,thunder,3
quick,weasel,3
quick,child,3
stubborn,horse,3
stubborn,pig,3
weak,feather,3
weak,chicken,3
pretty,daisy,3
pretty,movie star,3
pretty,painting,3
pretty,butterfly,3
pretty,summer day,3
pretty,snake,3
pretty,pie,3
pretty,star,3
straight,rail,3
straight,cypress,3
straight,spindle,3
straight,bird,3
straight,broomstick,3
straight,straw,3
straight,corkscrew,3
straight,razor,3
straight,ironing board,3
straight,palm tree,3
straight,marine,3
blind,fish,3
blind,rest,3
blind,justice,3
blind,worm,3
blind,puppy,3
soft,granite,3
soft,sable,3
soft,sunlight,3
soft,skin,3
soft,fawn,3
soft,leather,3
soft,cloth,3
soft,leaf,3
soft,sunrise,3
soft,daisy,3
soft,spaniel,3
soft,baked apple,3
soft,carpet,3
soft,soap,3
soft,sky,3
true,bell,3
true,life,3
sure,tide,3
sure,stone,3
sure,season,3
dry,reed,3
dry,wood,3
dry,flour,3
dry,tinderbox,3
dry,orange,3
dry,kex,3
dry,carpet,3
dry,lizard skin,3
dry,mummy,3
dry,furnace,3
mad,meat axe,3
mad,devil,3
mad,bedlam,3
mad,loon,3
gentle,spider web,3
gentle,mist,3
gentle,rest,3
gentle,doe,3
gentle,water,3
gentle,rabbit,3
gentle,nun,3
gentle,velvet,3
gentle,morning,3
gentle,dog,3
motionless,wax figure,3
motionless,sphinx,3
fresh,first,3
fresh,snow,3
fresh,lily,3
fresh,grass,3
fresh,violet,3
fresh,baby,3
fresh,egg,3
fresh,hay,3
fresh,two-year-old,3
fresh,bird,3
neat,cat,3
solid,curtain,3
solid,jell-o,3
solid,reality,3
solid,flesh,3
solid,planet,3
solid,mist,3
solid,ice,3
solid,bone,3
fit,olympian,3
fit,athlete,3
fit,horse,3
fit,prizefighter,3
fit,racehorse,3
clean,death,3
clean,rain,3
clean,cat,3
clean,floor,3
sweet,lamb,3
sweet,summer breeze,3
sweet,life,3
sweet,vinegar,3
sweet,rattlesnake,3
sweet,chocolate,3
sweet,marzipan,3
sweet,flute,3
sweet,summer,3
sweet,apple,3
sweet,pink,3
sweet,heaven,3
helpless,turtle,3
hungry,hell,3
hungry,shark,3
pure,heaven,3
pure,saint,3
pure,morning,3
pure,bell,3
pure,ice,3
pure,ether,3
innocent,virgin,3
innocent,doe,3
innocent,apple pie,3
innocent,butterfly,3
innocent,all get-out,3
innocent,sleeping child,3
deep,sword,3
deep,darkness,3
deep,trench,3
deep,sin,3
deep,wood,3
deep,pacific,3
deep,barrel,3
deep,wound,3
deep,emerald,3
deep,water,3
deep,cup,3
deep,pain,3
deep,bell,3
tight,steel,3
tight,stone,3
tight,balloon,3
tight,coffin,3
tight,garrote,3
tight,sardine,3
tight,skin,3
tight,fiddle,3
tight,top,3
tight,mask,3
tight,trap,3
tight,coil,3
tight,lampshade,3
tight,herring,3
flat,carpet,3
flat,fish,3
flat,corpse,3
flat,biscuit,3
flat,floor,3
flat,tapeworm,3
flat,parking lot,3
flat,dime,3
flat,cardboard,3
flat,wafer,3
loud,waterfall,3
loud,engine,3
loud,banshee,3
loud,wave,3
loud,heartbeat,3
loud,shotgun,3
loud,sea,3
loud,whip,3
loud,giant,3
loud,slap,3
loud,horse,3
loud,river,3
loud,laughter,3
happy,pie,3
happy,bride,3
happy,butterfly,3
happy,baby,3
happy,emperor,3
happy,turtle-dove,3
heavy,velvet,3
heavy,mud,3
heavy,tree trunk,3
heavy,turtle,3
heavy,guilt,3
heavy,paperweight,3
heavy,incense,3
heavy,cloak,3
heavy,ox,3
heavy,humidity,3
heavy,steam,3
heavy,bull,3
free,sky,3
free,sunlight,3
warm,mother's love,3
warm,cat,3
warm,sunrise,3
warm,tropics,3
warm,butter,3
warm,steam,3
warm,flesh,3
warm,furnace,3
warm,womb,3
warm,kiss,3
warm,dry ice,3
busy,road,3
busy,city,3
regular,season,3
regular,machine,3
hot,lightning,3
hot,bonfire,3
hot,iron,3
hot,stone,3
hot,blood,3
hot,anger,3
hot,sin,3
hot,stovetop,3
hot,star,3
hot,purgatory,3
hot,cinder,3
hot,devil,3
close,ghost,3
close,kin,3
close,blood,3
close,devil,3
firm,granite,3
firm,hill,3
ugly,mule,3
ugly,bear,3
ugly,night,3
fast,storm,3
fast,whip,3
fast,weed,3
fast,auctioneer,3
fast,cloud,3
fast,rat,3
fast,ghost,3
fast,eagle,3
fast,wine,3
fast,machine,3
fast,swallow,3
fast,cockroach,3
fast,computer,3
fast,turtle,3
fast,lion,3
fast,jet,3
fast,sunset,3
fast,greyhound,3
fast,breath,3
fast,water,3
fast,snail,3
proud,fire,3
proud,rooster,3
proud,princess,3
fine,lord,3
fine,wire,3
fine,air,3
fine,porcelain,3
fine,down,3
fine,fiddler,3
fine,bird,3
tall,cliff,3
tall,beanpole,3
rigid,ice,3
rigid,bronze,3
thin,spaghetti,3
thin,lace,3
thin,weasel,3
thin,coat hanger,3
thin,gold,3
thin,spindle,3
thin,cracker,3
thin,whistle,3
thin,coin,3
thin,willow,3
thin,eel,3
thin,fingernail,3
thin,model,3
thin,stray dog,3
thin,hope,3
thin,stork,3
thin,whippet,3
thin,filament,3
thin,pipe stem,3
thin,temper,3
thin,rapier,3
thin,chopstick,3
thin,feather,3
thin,finger,3
thin,shad,3
large,silver dollar,3
large,haystack,3
large,umbrella,3
large,asteroid,3
large,hand,3
large,golf ball,3
large,church,3
large,death,3
large,sheep,3
large,wood,3
large,roc,3
large,tiger,3
large,ogre,3
large,feather,3
large,continent,3
large,lemon,3
large,building,3
large,man,3
large,hill,3
large,wagon wheel,3
large,cannon,3
easy,paper,3
easy,baby,3
easy,kiss,3
easy,cradle,3
high,city wall,3
high,eiffel tower,3
high,roof,3
high,queen,3
high,temperature,3
high,hawk,3
nervous,mouse,3
nervous,bride,3
nervous,bridegroom,3
round,teacup,3
round,cannonball,3
round,cheese,3
round,peach,3
round,bullet,3
sound,baby,3
dead,doll,3
dead,dogshit,3
dead,disco,3
dead,ash,3
dead,rest,3
dead,dog,3
dead,ditch water,3
dead,nit,3
dead,wood,3
dead,shark,3
dead,caesar,3
dead,rat,3
brown,penny,3
brown,conker,3
brown,dirt,3
dull,post,3
dull,spoon,3
dull,brick,3
dull,sermon,3
crazy,horse,3
crazy,lizard,3
crazy,other,3
bald,cannonball,3
bald,eagle,3
bald,light bulb,3
bald,kneecap,3
bald,doorknob,3
bald,onion,3
transparent,onion skin,3
transparent,plastic wrap,3
transparent,spider web,3
transparent,wind,3
drunk,loon,3
drunk,bat,3
limp,water,3
limp,spaghetti,3
limp,dead fish,3
limp,seaweed,3
limp,dead,3
beautiful,lullaby,3
beautiful,calligraphy,3
beautiful,queen,3
beautiful,garden,3
beautiful,michelangelo's david,3
beautiful,jewel,3
beautiful,pearl,3
beautiful,snow,3
green,wave,3
green,glass,3
green,jewel,3
green,summer,3
green,golf course,3
green,seaweed,3
green,cucumber,3
green,pea,3
green,asparagus,3
green,pea soup,3
fat,fist,3
fat,pumpkin,3
fat,porpoise,3
tough,tank,3
tough,gristle,3
tough,old saddle,3
tough,cable,3
tough,teak,3
tough,gutta percha,3
serious,murder,3
serious,funeral,3
rough,burlap,3
rough,bristle,3
rough,gut,3
rough,file,3
rough,sharkskin,3
rough,sea,3
solemn,monk,3
solemn,death,3
solemn,church,3
solemn,hearse,3
simple,pie,3
simple,smile,3
simple,fairy tale,3
swift,thought,3
swift,river,3
swift,fire,3
swift,bullet,3
gray,iron,3
gray,concrete,3
gray,battleship,3
gray,ice,3
gray,sheet,3
gray,cloudy day,3
gray,shale,3
gray,stormy sky,3
gray,winter,3
gray,morning,3
gray,storm,3
gray,dishwater,3
gray,driftwood,3
common,cockroach,3
common,sparrow,3
common,rat,3
common,wind,3
common,weed,3
common,old boot,3
keen,fox,3
distant,stranger,3
distant,cloud,3
distant,mirage,3
distant,planet,3
dumb,plank,3
dumb,stick,3
dumb,doorknob,3
dumb,grave,3
dumb,mute,3
fragile,onion skin,3
fragile,reed,3
fragile,petal,3
fragile,rice paper,3
yellow,pumpkin,3
yellow,tallow,3
yellow,ivory,3
yellow,brass,3
yellow,orange,3
yellow,marigold,3
rich,star,3
rich,sin,3
rich,sunset,3
rich,pig,3
wild,lion's mane,3
wild,gypsy,3
wild,wolf,3
wild,panther,3
wild,banshee,3
wild,child,3
wild,night,3
wild,wilderness,3
bitter,coffee,3
bitter,tear,3
insubstantial,feather,3
graceful,gymnast,3
graceful,rhinoceros,3
graceful,fish,3
graceful,cloud,3
graceful,colt,3
graceful,nymph,3
graceful,lily,3
graceful,hippo,3
graceful,fairy,3
vast,city,3
vast,desert,3
vast,church,3
handsome,matinee idol,3
delicate,cat,3
delicate,silk,3
delicate,paper,3
delicate,leaf,3
delicate,dandelion puff,3
delicate,needle,3
delicate,cloud,3
stupid,pig,3
blank,plate,3
blank,snow,3
blank,ceiling,3
blank,cow,3
blank,fish,3
blank,mannequin,3
blank,mask,3
empty,marble,3
empty,ghost,3
empty,vacuum,3
empty,beggar's purse,3
empty,balloon,3
empty,black hole,3
empty,dry well,3
empty,barn,3
empty,mask,3
empty,sea,3
empty,soap bubble,3
empty,eggshell,3
empty,tunnel,3
small,pixie,3
small,comma,3
small,marble,3
small,peanut,3
small,mustard seed,3
small,fist,3
small,closet,3
pink,coral,3
powerful,magic,3
powerful,solar flare,3
powerful,lion,3
powerful,king,3
powerful,thunder,3
powerful,telescope,3
powerful,gorilla,3
powerful,bear,3
powerful,action,3
subtle,elephant,3
subtle,battering ram,3
subtle,whisper,3
subtle,smell,3
subtle,wrecking ball,3
subtle,bulldozer,3
subtle,thunderstorm,3
calm,bath,3
calm,river,3
calm,cow,3
calm,baby,3
calm,monk,3
calm,oyster,3
fierce,lightning,3
fierce,warrior,3
fierce,shark,3
lovely,spring,3
lovely,moon,3
lovely,bird,3
lovely,jewel,3
bad,dragon,3
bad,vampire,3
bad,poison,3
bad,cat,3
bad,divorce,3
bad,mud,3
bad,boy,3
bad,marriage,3
bad,murderer,3
bad,highwayman,3
broad,life,3
broad,shield,3
broad,wall,3
broad,sun,3
broad,horizon,3
broad,man,3
broad,moon,3
rare,gold,3
rare,solar eclipse,3
rare,comet,3
rare,genius,3
dense,water,3
dense,doorknob,3
dense,iron,3
dangerous,loaded gun,3
dangerous,devil,3
dangerous,bullet,3
dangerous,atom bomb,3
dangerous,wild beast,3
real,hell,3
real,lightning,3
real,river,3
real,unicorn,3
real,sunset,3
real,flesh,3
real,ghost,3
real,sun,3
real,sunlight,3
real,blood,3
real,wind,3
